province_iso,province,district_osm_id,district,district_en,district_area_km2,valid_polygon_count,review_required_not_counted,class_park,class_marketplace,class_garden,class_historic,class_attraction,class_pitch,size_small,size_medium,size_large,preset_largePark,preset_market,preset_pocketPark,valid_total_area_m2,population,population_cells,population_resolution,dungeons_per_100k,distance_method,walk_avg_m,walk_median_m,pocketPark_walk_median_m,g1_pop_share_green,pop_share_yellow,g4_pop_share_red,pop_share_red_snap,s1_pop_share_green_yellow,g2_valid_count_incl_multi,g3_preset_count_incl_multi,transit_mean_m,rail_walk_mean_m,bus_walk_mean_m,dungeons_with_rail_in_reach,density_per_km2,population_density_per_km2,score_density,score_walk,score_transit,score_preset,score_population,launch_score,launch_rank
TH-10,กรุงเทพมหานคร,92053,เขตพระนคร,Phra Nakhon District,5.380,10,3,6,3,0,1,0,0,4,6,0,3,3,4,140187.2,35767,601,"WorldPop R2025A constrained, 3 arc-second grid (about 100 m), same resolution in all 79 districts",27.959,osm_walk_network,660,651,1028,0.6848,0.3152,0.0000,0.0000,1.0000,10,3,182,385,184,10,1.8587,6647.9,1.0000,1.0000,0.9978,1.0000,0.2782,0.8913,2
TH-10,กรุงเทพมหานคร,92056,เขตสัมพันธวงศ์,Samphanthawong District,1.428,1,0,0,1,0,0,0,0,0,1,0,0,1,0,18073.5,8703,153,"WorldPop R2025A constrained, 3 arc-second grid (about 100 m), same resolution in all 79 districts",11.490,osm_walk_network,860,911,1987,0.4183,0.5817,0.0000,0.0000,1.0000,2,1,162,493,162,2,1.4010,6096.5,0.7535,0.9817,0.9991,0.3333,0.2546,0.7218,16
TH-10,กรุงเทพมหานคร,92058,เขตป้อมปราบศัตรูพ่าย,Pom Prap Sattru Phai District,2.524,0,1,0,0,0,0,0,0,0,0,0,0,0,0,0.0,21133,300,"WorldPop R2025A constrained, 3 arc-second grid (about 100 m), same resolution in all 79 districts",0.000,osm_walk_network,1080,1094,2070,0.2490,0.7510,0.0000,0.0000,1.0000,0,0,,,,0,0.0000,8372.2,0.0000,0.0000,0.0000,0.0000,0.0000,0.0000,77
TH-10,กรุงเทพมหานคร,92061,เขตบางรัก,Bang Rak District,3.938,4,2,1,1,2,0,0,0,3,1,0,0,1,3,23530.5,47577,464,"WorldPop R2025A constrained, 3 arc-second grid (about 100 m), same resolution in all 79 districts",8.407,osm_walk_network,673,690,834,0.6974,0.3026,0.0000,0.0000,1.0000,4,2,291,652,291,3,1.0157,12081.4,0.5460,0.9988,0.9905,0.6667,0.5111,0.7610,10
TH-10,กรุงเทพมหานคร,92063,เขตปทุมวัน,Pathum Wan District,8.161,13,7,4,1,3,0,0,5,7,6,0,5,1,7,214033.0,55108,974,"WorldPop R2025A constrained, 3 arc-second grid (about 100 m), same resolution in all 79 districts",23.590,osm_walk_network,836,822,1028,0.4629,0.5365,0.0006,0.0006,0.9994,14,3,371,850,374,6,1.7156,6752.9,0.9229,0.9839,0.9852,1.0000,0.2827,0.8662,3
TH-10,กรุงเทพมหานคร,92064,เขตราชเทวี,Ratchathewi District,7.188,4,1,4,0,0,0,0,0,1,3,0,3,0,1,84524.0,90198,868,"WorldPop R2025A constrained, 3 arc-second grid (about 100 m), same resolution in all 79 districts",4.435,osm_walk_network,1063,1070,1597,0.2832,0.7124,0.0045,0.0045,0.9955,4,2,475,949,475,2,0.5565,12548.6,0.2987,0.9632,0.9783,0.6667,0.5311,0.6908,21
TH-10,กรุงเทพมหานคร,92068,เขตพญาไท,Phaya Thai District,9.246,5,0,2,2,0,0,0,1,4,1,0,1,2,2,45281.9,146315,1106,"WorldPop R2025A constrained, 3 arc-second grid (about 100 m), same resolution in all 79 districts",3.417,osm_walk_network,1134,1094,1700,0.2973,0.6819,0.0208,0.0208,0.9792,5,3,381,1232,381,0,0.5408,15824.2,0.2902,0.9568,0.9846,1.0000,0.6715,0.7594,11
TH-10,กรุงเทพมหานคร,92069,เขตดุสิต,Dusit District,11.289,11,0,1,3,7,0,0,0,9,2,0,1,3,7,95830.6,65440,1301,"WorldPop R2025A constrained, 3 arc-second grid (about 100 m), same resolution in all 79 districts",16.809,osm_walk_network,958,943,1062,0.3706,0.5801,0.0493,0.0493,0.9507,11,3,294,779,294,9,0.9744,5796.6,0.5238,0.9728,0.9903,1.0000,0.2418,0.7585,12
TH-10,กรุงเทพมหานคร,1639285,เขตบางซื่อ,Bang Sue District,12.944,3,0,1,0,2,0,0,0,0,3,0,3,0,0,61747.3,116013,1526,"WorldPop R2025A constrained, 3 arc-second grid (about 100 m), same resolution in all 79 districts",2.586,osm_walk_network,1564,1570,1790,0.1551,0.8219,0.0230,0.0028,0.9770,3,1,177,1850,177,0,0.2318,8962.9,0.1238,0.9176,0.9981,0.3333,0.3774,0.5666,46
TH-10,กรุงเทพมหานคร,1639286,เขตจตุจักร,Chatuchak District,32.561,22,2,10,5,4,0,1,2,10,10,2,7,5,10,436365.0,518861,3911,"WorldPop R2025A constrained, 3 arc-second grid (about 100 m), same resolution in all 79 districts",4.240,osm_walk_network,1341,1298,1759,0.2117,0.7601,0.0282,0.0107,0.9718,22,3,574,1390,574,7,0.6757,15934.9,0.3629,0.9379,0.9718,1.0000,0.6762,0.7710,7
TH-10,กรุงเทพมหานคร,1639287,เขตดอนเมือง,Don Mueang District,36.994,8,1,3,1,2,0,0,2,6,2,0,1,1,6,103671.7,275804,4366,"WorldPop R2025A constrained, 3 arc-second grid (about 100 m), same resolution in all 79 districts",2.901,osm_walk_network,2510,2421,3038,0.0491,0.6012,0.3497,0.0481,0.6503,8,3,1825,3453,1904,2,0.2163,7455.4,0.1155,0.8314,0.8887,1.0000,0.3128,0.6114,38
TH-10,กรุงเทพมหานคร,1639288,เขตหลักสี่,Lak Si District,22.799,14,1,6,1,4,0,0,3,7,6,1,7,1,6,217970.6,231253,2706,"WorldPop R2025A constrained, 3 arc-second grid (about 100 m), same resolution in all 79 districts",6.054,osm_walk_network,1499,1418,1960,0.2179,0.7470,0.0351,0.0188,0.9649,14,3,931,1466,939,4,0.6141,10143.1,0.3297,0.9235,0.9481,1.0000,0.4280,0.7171,17
TH-10,กรุงเทพมหานคร,2938030,เขตบางเขน,Bang Khen District,40.797,8,0,5,2,0,0,0,1,3,3,2,3,2,3,252656.5,297249,4853,"WorldPop R2025A constrained, 3 arc-second grid (about 100 m), same resolution in all 79 districts",2.691,osm_walk_network,1940,1864,2339,0.0834,0.7744,0.1422,0.0278,0.8578,8,3,618,1346,623,4,0.1961,7286.1,0.1046,0.8833,0.9689,1.0000,0.3056,0.6366,29
TH-10,กรุงเทพมหานคร,2938031,เขตดินแดง,Din Daeng District,8.459,15,0,2,6,5,0,0,2,12,3,0,1,6,8,148544.6,143972,1021,"WorldPop R2025A constrained, 3 arc-second grid (about 100 m), same resolution in all 79 districts",10.419,osm_walk_network,939,936,1564,0.3707,0.6293,0.0000,0.0000,1.0000,15,3,466,785,488,9,1.7733,17020.1,0.9540,0.9746,0.9789,1.0000,0.7227,0.9363,1
TH-10,กรุงเทพมหานคร,2938032,เขตห้วยขวาง,Huai Khwang District,16.298,9,1,5,1,1,0,0,2,5,3,1,4,1,4,146422.1,274923,1959,"WorldPop R2025A constrained, 3 arc-second grid (about 100 m), same resolution in all 79 districts",3.274,osm_walk_network,1377,1335,1785,0.1534,0.8331,0.0135,0.0072,0.9865,10,3,504,742,526,8,0.6136,16868.3,0.3294,0.9346,0.9765,1.0000,0.7162,0.7687,9
TH-10,กรุงเทพมหานคร,2938033,เขตคลองเตย,Khlong Toei District,13.470,10,1,3,2,2,0,0,3,5,4,1,4,2,4,237144.4,163998,1529,"WorldPop R2025A constrained, 3 arc-second grid (about 100 m), same resolution in all 79 districts",6.098,osm_walk_network,1316,1203,1976,0.2698,0.7109,0.0193,0.0193,0.9807,10,3,458,793,509,5,0.7424,12174.7,0.3988,0.9402,0.9795,1.0000,0.5151,0.7579,13
TH-10,กรุงเทพมหานคร,2938034,เขตลาดพร้าว,Lat Phrao District,21.293,4,0,4,0,0,0,0,0,1,3,0,3,0,1,76775.4,224438,2536,"WorldPop R2025A constrained, 3 arc-second grid (about 100 m), same resolution in all 79 districts",1.782,osm_walk_network,2063,1994,2898,0.0855,0.7435,0.1710,0.0040,0.8290,4,2,997,3455,997,0,0.1879,10540.5,0.1002,0.8722,0.9437,0.6667,0.4450,0.5986,42
TH-10,กรุงเทพมหานคร,2938035,เขตสายไหม,Sai Mai District,43.338,11,0,6,4,0,0,0,1,4,4,3,3,4,4,334714.3,271469,5207,"WorldPop R2025A constrained, 3 arc-second grid (about 100 m), same resolution in all 79 districts",4.052,osm_walk_network,1835,1775,3500,0.0854,0.8340,0.0806,0.0106,0.9194,11,3,864,4876,864,0,0.2538,6263.9,0.1357,0.8929,0.9525,1.0000,0.2618,0.6369,28
TH-10,กรุงเทพมหานคร,2938036,วัฒนา,Vadhana District,12.970,6,0,0,1,4,0,1,0,5,1,0,0,1,5,61360.3,286494,1564,"WorldPop R2025A constrained, 3 arc-second grid (about 100 m), same resolution in all 79 districts",2.094,osm_walk_network,1512,1560,1838,0.1437,0.8535,0.0028,0.0000,0.9972,6,2,470,796,483,4,0.4626,22089.8,0.2482,0.9223,0.9787,0.6667,0.9400,0.7293,14
TH-10,กรุงเทพมหานคร,2939952,เขตบางกะปิ,Bang Kapi District,27.617,15,0,4,4,2,0,0,5,7,7,1,6,4,5,269085.3,648734,3296,"WorldPop R2025A constrained, 3 arc-second grid (about 100 m), same resolution in all 79 districts",2.312,osm_walk_network,1889,1765,3341,0.1053,0.7356,0.1591,0.0155,0.8409,15,3,746,1170,746,5,0.5431,23490.3,0.2915,0.8880,0.9603,1.0000,1.0000,0.7869,6
TH-10,กรุงเทพมหานคร,2939953,เขตบางกอกใหญ่,Bangkok Yai District,6.251,4,0,1,2,1,0,0,0,3,1,0,0,2,2,35122.3,74711,742,"WorldPop R2025A constrained, 3 arc-second grid (about 100 m), same resolution in all 79 districts",5.354,osm_walk_network,1048,1003,1415,0.3379,0.6618,0.0003,0.0003,0.9997,4,2,656,805,656,3,0.6399,11952.5,0.3437,0.9646,0.9663,0.6667,0.5056,0.6962,19
TH-10,กรุงเทพมหานคร,2939954,เขตตลิ่งชัน,Taling Chan District,35.665,10,0,6,3,0,0,0,1,7,2,1,2,3,5,140772.0,178515,4298,"WorldPop R2025A constrained, 3 arc-second grid (about 100 m), same resolution in all 79 districts",5.602,osm_walk_network,2051,2023,3303,0.0860,0.7176,0.1964,0.0451,0.8036,10,3,789,3748,789,1,0.2804,5005.4,0.1500,0.8732,0.9575,1.0000,0.2078,0.6285,32
TH-10,กรุงเทพมหานคร,2939955,เขตทวีวัฒนา,Thawi Watthana District,50.078,15,0,6,2,4,0,0,3,8,3,4,5,2,8,448003.6,137482,6014,"WorldPop R2025A constrained, 3 arc-second grid (about 100 m), same resolution in all 79 districts",10.910,osm_walk_network,2105,1991,2668,0.0682,0.6779,0.2539,0.1325,0.7461,15,3,1813,5171,1813,0,0.2995,2745.4,0.1603,0.8683,0.8895,1.0000,0.1110,0.6017,41
TH-10,กรุงเทพมหานคร,2939956,เขตวังทองหลาง,Wang Thonglang District,17.087,2,0,1,0,1,0,0,0,2,0,0,0,0,2,8103.7,397819,2053,"WorldPop R2025A constrained, 3 arc-second grid (about 100 m), same resolution in all 79 districts",0.503,osm_walk_network,2706,2734,3022,0.0282,0.5773,0.3946,0.0049,0.6054,2,1,416,1475,416,1,0.1170,23282.0,0.0620,0.8135,0.9823,0.3333,0.9911,0.6140,36
TH-10,กรุงเทพมหานคร,2942281,เขตบางพลัด,Bang Phlat District,11.824,4,0,3,0,0,0,1,0,2,2,0,2,0,2,63048.5,207481,1332,"WorldPop R2025A constrained, 3 arc-second grid (about 100 m), same resolution in all 79 districts",1.928,osm_walk_network,1792,1858,1922,0.1295,0.8531,0.0174,0.0000,0.9826,5,2,421,1565,421,1,0.4229,17546.9,0.2267,0.8969,0.9819,0.6667,0.7453,0.6891,22
TH-10,กรุงเทพมหานคร,2942282,เขตบางกอกน้อย,Bangkok Noi District,12.405,6,0,2,2,2,0,0,0,5,1,0,1,2,3,55722.4,134663,1475,"WorldPop R2025A constrained, 3 arc-second grid (about 100 m), same resolution in all 79 districts",4.456,osm_walk_network,1318,1174,2608,0.2593,0.6774,0.0634,0.0111,0.9366,7,3,372,968,372,3,0.5643,10855.9,0.3029,0.9400,0.9852,1.0000,0.4586,0.7266,15
TH-10,กรุงเทพมหานคร,2942283,เขตหนองแขม,Nong Khaem District,36.231,4,0,2,0,0,0,0,2,3,1,0,1,0,3,30701.9,281013,4332,"WorldPop R2025A constrained, 3 arc-second grid (about 100 m), same resolution in all 79 districts",1.423,osm_walk_network,2808,2382,2446,0.0463,0.5944,0.3593,0.0503,0.6407,4,2,1823,7629,1823,0,0.1104,7756.1,0.0585,0.8043,0.8889,0.6667,0.3257,0.5423,54
TH-10,กรุงเทพมหานคร,2946804,เขตบางแค,Bang Khae District,47.843,6,0,5,0,1,0,0,0,2,3,1,4,0,2,213597.7,404050,5761,"WorldPop R2025A constrained, 3 arc-second grid (about 100 m), same resolution in all 79 districts",1.485,osm_walk_network,2517,2437,3250,0.0371,0.6354,0.3275,0.0343,0.6725,6,2,1181,4155,1181,1,0.1254,8445.4,0.0666,0.8307,0.9315,0.6667,0.3553,0.5639,48
TH-10,กรุงเทพมหานคร,2946805,เขตบึงกุ่ม,Bueng Kum District,23.390,11,0,7,1,1,0,0,2,5,5,1,6,1,4,210416.0,128604,2806,"WorldPop R2025A constrained, 3 arc-second grid (about 100 m), same resolution in all 79 districts",8.553,osm_walk_network,1490,1469,2240,0.1732,0.8067,0.0200,0.0011,0.9800,11,3,848,2581,848,1,0.4703,5498.2,0.2523,0.9243,0.9536,1.0000,0.2290,0.6692,23
TH-10,กรุงเทพมหานคร,2946806,เขตคันนายาว,Khan Na Yao District,25.510,14,0,9,0,3,0,0,2,8,5,1,6,0,8,245324.6,166597,3032,"WorldPop R2025A constrained, 3 arc-second grid (about 100 m), same resolution in all 79 districts",8.404,osm_walk_network,1866,1611,2157,0.1870,0.6081,0.2050,0.0683,0.7950,14,2,1490,2722,1490,1,0.5488,6530.6,0.2946,0.8900,0.9110,0.6667,0.2732,0.6193,34
TH-10,กรุงเทพมหานคร,2946807,เขตภาษีเจริญ,Phasi Charoen District,19.239,4,0,3,1,0,0,0,0,3,0,1,1,1,2,88272.9,219474,2309,"WorldPop R2025A constrained, 3 arc-second grid (about 100 m), same resolution in all 79 districts",1.823,osm_walk_network,2007,1842,2329,0.0799,0.7420,0.1781,0.0022,0.8219,4,3,1420,2416,1420,1,0.2079,11407.7,0.1110,0.8772,0.9156,1.0000,0.4822,0.6525,26
TH-10,กรุงเทพมหานคร,2997412,เขตคลองสามวา,Khlong Sam Wa District,115.003,24,0,20,0,2,0,1,1,18,6,0,6,0,18,179406.8,455865,12649,"WorldPop R2025A constrained, 3 arc-second grid (about 100 m), same resolution in all 79 districts",5.265,osm_walk_network,2609,2386,2825,0.1236,0.5145,0.3620,0.0272,0.6380,24,2,1780,7476,1780,0,0.2087,3963.9,0.1114,0.8223,0.8917,0.6667,0.1632,0.5363,55
TH-10,กรุงเทพมหานคร,3146412,เขตบางนา,Bang Na District,19.052,6,0,1,5,0,0,0,0,4,2,0,0,5,1,66435.2,232753,2245,"WorldPop R2025A constrained, 3 arc-second grid (about 100 m), same resolution in all 79 districts",2.578,osm_walk_network,1747,1705,3693,0.1127,0.8167,0.0707,0.0255,0.9293,6,2,1249,2251,1257,1,0.3149,12216.9,0.1686,0.9009,0.9270,0.6667,0.5169,0.6303,30
TH-10,กรุงเทพมหานคร,3146413,เขตมีนบุรี,Min Buri District,59.985,6,1,3,1,1,0,0,1,3,2,1,2,1,3,119294.1,374920,6894,"WorldPop R2025A constrained, 3 arc-second grid (about 100 m), same resolution in all 79 districts",1.600,osm_walk_network,3005,2875,4229,0.0676,0.4381,0.4943,0.0737,0.5057,6,3,1381,4202,1381,2,0.1000,6250.2,0.0529,0.7863,0.9182,1.0000,0.2612,0.5826,44
TH-10,กรุงเทพมหานคร,3146414,เขตประเวศ,Prawet District,53.909,14,0,7,5,1,0,0,1,5,8,1,6,5,3,278290.2,311237,6355,"WorldPop R2025A constrained, 3 arc-second grid (about 100 m), same resolution in all 79 districts",4.498,osm_walk_network,1869,1723,3633,0.1151,0.7280,0.1569,0.0209,0.8431,14,3,1201,3361,1201,0,0.2597,5773.4,0.1389,0.8898,0.9302,1.0000,0.2408,0.6293,31
TH-10,กรุงเทพมหานคร,3146415,เขตสะพานสูง,Saphan Sung District,27.911,6,0,4,0,1,0,0,1,3,2,1,3,0,3,131579.1,170721,3313,"WorldPop R2025A constrained, 3 arc-second grid (about 100 m), same resolution in all 79 districts",3.515,osm_walk_network,1983,1851,3280,0.1096,0.6837,0.2067,0.0299,0.7933,6,2,1729,2478,1729,0,0.2150,6116.5,0.1148,0.8795,0.8951,0.6667,0.2555,0.5659,47
TH-10,กรุงเทพมหานคร,3146642,เขตพระโขนง,Phra Khanong District,13.174,1,1,1,0,0,0,0,0,0,1,0,1,0,0,11730.4,179033,1558,"WorldPop R2025A constrained, 3 arc-second grid (about 100 m), same resolution in all 79 districts",0.559,osm_walk_network,2311,2315,4830,0.0258,0.8444,0.1297,0.0115,0.8703,1,1,3395,2725,3395,0,0.0759,13589.4,0.0399,0.8496,0.7846,0.3333,0.5757,0.5156,58
TH-10,กรุงเทพมหานคร,3146643,เขตสวนหลวง,Suan Luang District,24.367,2,0,2,0,0,0,0,0,1,1,0,1,0,1,35184.4,381957,2923,"WorldPop R2025A constrained, 3 arc-second grid (about 100 m), same resolution in all 79 districts",0.524,osm_walk_network,2431,2389,2886,0.0309,0.6685,0.3006,0.0263,0.6994,2,2,356,364,391,2,0.0821,15675.0,0.0432,0.8386,0.9862,0.6667,0.6651,0.6175,35
TH-10,กรุงเทพมหานคร,3147007,เขตจอมทอง,Chom Thong District,22.290,6,0,2,4,0,0,0,0,4,2,0,0,4,2,47752.8,178270,2683,"WorldPop R2025A constrained, 3 arc-second grid (about 100 m), same resolution in all 79 districts",3.366,osm_walk_network,1982,1911,2772,0.1098,0.7337,0.1565,0.0147,0.8435,7,3,620,1826,621,3,0.3140,7997.8,0.1681,0.8795,0.9688,1.0000,0.3361,0.6561,24
TH-10,กรุงเทพมหานคร,3147008,เขตราษฎร์บูรณะ,Rat Burana District,12.553,4,0,3,0,1,0,0,0,2,2,0,2,0,2,44752.3,109095,1416,"WorldPop R2025A constrained, 3 arc-second grid (about 100 m), same resolution in all 79 districts",3.667,osm_walk_network,1633,1555,2193,0.1310,0.8099,0.0591,0.0001,0.9409,4,2,476,938,476,2,0.3186,8690.7,0.1706,0.9113,0.9783,0.6667,0.3658,0.6210,33
TH-10,กรุงเทพมหานคร,3147104,เขตทุ่งครุ,Thung Khru District,27.620,18,0,14,2,2,0,0,0,14,3,1,2,2,14,226039.9,182688,3270,"WorldPop R2025A constrained, 3 arc-second grid (about 100 m), same resolution in all 79 districts",9.853,osm_walk_network,1558,1508,1757,0.1349,0.7979,0.0672,0.0330,0.9328,18,3,1199,5155,1199,0,0.6517,6614.4,0.3500,0.9182,0.9303,1.0000,0.2768,0.6946,20
TH-10,กรุงเทพมหานคร,3147280,เขตคลองสาน,Khlong San District,5.961,5,2,2,2,0,0,1,0,3,2,0,1,2,2,51554.4,65251,654,"WorldPop R2025A constrained, 3 arc-second grid (about 100 m), same resolution in all 79 districts",7.663,osm_walk_network,941,954,1696,0.3534,0.6466,0.0000,0.0000,1.0000,5,3,532,1145,532,0,0.8388,10946.8,0.4508,0.9744,0.9745,1.0000,0.4625,0.7706,8
TH-10,กรุงเทพมหานคร,3147281,เขตธนบุรี,Thon Buri District,8.083,2,0,1,1,0,0,0,0,1,1,0,1,1,0,17908.5,106222,939,"WorldPop R2025A constrained, 3 arc-second grid (about 100 m), same resolution in all 79 districts",1.883,osm_walk_network,1274,1267,2193,0.1694,0.8306,0.0000,0.0000,1.0000,2,2,149,294,149,2,0.2474,13141.4,0.1323,0.9440,1.0000,0.6667,0.5565,0.6525,25
TH-10,กรุงเทพมหานคร,3147312,เขตบางบอน,Bang Bon District,34.025,3,4,0,0,0,0,0,3,3,0,0,0,0,3,12508.7,224995,4075,"WorldPop R2025A constrained, 3 arc-second grid (about 100 m), same resolution in all 79 districts",1.333,osm_walk_network,3158,2717,3211,0.0199,0.5615,0.4186,0.0341,0.5814,3,1,366,2715,366,0,0.0882,6612.7,0.0465,0.7724,0.9856,0.3333,0.2767,0.4934,61
TH-10,กรุงเทพมหานคร,3147313,เขตบางขุนเทียน,Bang Khun Thian District,124.791,17,1,9,3,4,0,0,1,13,2,2,4,3,10,318114.3,519297,9147,"WorldPop R2025A constrained, 3 arc-second grid (about 100 m), same resolution in all 79 districts",3.274,osm_walk_network,3010,2839,3562,0.0602,0.4486,0.4912,0.0381,0.5088,17,3,2156,8499,2156,0,0.1362,4161.3,0.0724,0.7859,0.8668,1.0000,0.1717,0.5637,50
TH-10,กรุงเทพมหานคร,3147425,เขตสาทร,Sathon District,7.219,7,2,3,0,3,0,0,1,6,1,0,1,0,6,47632.3,156377,858,"WorldPop R2025A constrained, 3 arc-second grid (about 100 m), same resolution in all 79 districts",4.476,osm_walk_network,985,980,1139,0.3617,0.6323,0.0060,0.0060,0.9940,7,2,424,1185,426,2,0.9697,21662.6,0.5212,0.9704,0.9817,0.6667,0.9217,0.8075,4
TH-10,กรุงเทพมหานคร,3147455,เขตบางคอแหลม,Bang Kho Laem District,8.438,5,1,0,1,4,0,0,0,4,0,1,0,1,4,122729.9,116203,900,"WorldPop R2025A constrained, 3 arc-second grid (about 100 m), same resolution in all 79 districts",4.303,osm_walk_network,1017,991,1270,0.3139,0.6845,0.0016,0.0016,0.9984,5,2,632,2685,632,0,0.5925,13770.9,0.3181,0.9674,0.9679,0.6667,0.5835,0.7025,18
TH-10,กรุงเทพมหานคร,3147456,เขตยานนาวา,Yan Nawa District,12.485,8,0,2,2,1,0,0,3,6,2,0,1,2,5,58024.6,240422,1340,"WorldPop R2025A constrained, 3 arc-second grid (about 100 m), same resolution in all 79 districts",3.327,osm_walk_network,1198,1215,1453,0.2413,0.7583,0.0005,0.0005,0.9995,8,3,344,2279,344,0,0.6408,19257.4,0.3441,0.9509,0.9871,1.0000,0.8186,0.7940,5
TH-10,กรุงเทพมหานคร,3147500,เขตลาดกระบัง,Lat Krabang District,128.308,19,1,3,7,3,0,1,5,9,9,1,6,7,6,348879.9,571664,13712,"WorldPop R2025A constrained, 3 arc-second grid (about 100 m), same resolution in all 79 districts",3.324,osm_walk_network,2344,2221,3973,0.0964,0.5831,0.3205,0.0308,0.6795,19,3,970,4000,970,0,0.1481,4455.4,0.0788,0.8465,0.9455,1.0000,0.1843,0.5981,43
TH-10,กรุงเทพมหานคร,3147501,เขตหนองจอก,Nong Chok District,238.001,4,0,2,0,2,0,0,0,2,0,2,2,0,2,147517.3,268058,22445,"WorldPop R2025A constrained, 3 arc-second grid (about 100 m), same resolution in all 79 districts",1.492,osm_walk_network,4939,4757,5217,0.0060,0.2435,0.7506,0.1036,0.2494,4,2,2899,20098,2899,0,0.0168,1126.3,0.0081,0.6101,0.8175,0.6667,0.0416,0.4243,66
TH-11,จังหวัดสมุทรปราการ,10958328,อำเภอพระสมุทรเจดีย์,Phra Samut Chedi District,166.825,4,1,3,1,0,0,0,0,4,0,0,0,1,3,21735.5,155323,8383,"WorldPop R2025A constrained, 3 arc-second grid (about 100 m), same resolution in all 79 districts",2.575,osm_walk_network,3415,3355,4511,0.0373,0.3252,0.6374,0.0266,0.3626,4,2,1871,5841,1871,0,0.0240,931.1,0.0119,0.7489,0.8857,0.6667,0.0332,0.4723,64
TH-11,จังหวัดสมุทรปราการ,11580980,อำเภอบางบ่อ,Bang Bo District,224.226,0,0,0,0,0,0,0,0,0,0,0,0,0,0,0.0,137499,17461,"WorldPop R2025A constrained, 3 arc-second grid (about 100 m), same resolution in all 79 districts",0.000,osm_walk_network,9070,8075,9702,0.0000,0.0075,0.9925,0.0704,0.0075,0,0,,,,0,0.0000,613.2,0.0000,0.0000,0.0000,0.0000,0.0000,0.0000,78
TH-11,จังหวัดสมุทรปราการ,11580981,อำเภอบางเสาธง,Bang Sao Thong District,118.685,3,1,2,0,0,0,0,1,2,1,0,1,0,2,35674.9,495260,11912,"WorldPop R2025A constrained, 3 arc-second grid (about 100 m), same resolution in all 79 districts",0.606,osm_walk_network,3762,3416,3696,0.0468,0.3657,0.5875,0.0128,0.4125,3,2,894,13238,894,0,0.0253,4172.9,0.0126,0.7173,0.9506,0.6667,0.1722,0.4984,60
TH-11,จังหวัดสมุทรปราการ,11580982,อำเภอบางพลี,Bang Phli District,225.110,23,0,6,8,4,0,0,5,13,9,1,8,8,7,274389.3,646516,23341,"WorldPop R2025A constrained, 3 arc-second grid (about 100 m), same resolution in all 79 districts",3.558,osm_walk_network,2737,2408,4681,0.0770,0.5531,0.3699,0.0240,0.6301,23,3,1648,6768,1648,3,0.1022,2872.0,0.0540,0.8107,0.9005,1.0000,0.1164,0.5638,49
TH-11,จังหวัดสมุทรปราการ,11580983,อำเภอเมืองสมุทรปราการ,Mueang Samut Prakan District,174.016,26,1,10,12,1,0,0,3,17,9,0,6,12,8,342072.6,1286561,17560,"WorldPop R2025A constrained, 3 arc-second grid (about 100 m), same resolution in all 79 districts",2.021,osm_walk_network,2803,2045,3421,0.0979,0.5340,0.3681,0.1838,0.6319,26,3,1186,3232,1194,7,0.1494,7393.3,0.0795,0.8047,0.9312,1.0000,0.3102,0.6038,40
TH-11,จังหวัดสมุทรปราการ,11580984,อำเภอพระประแดง,Phra Pradaeng District,58.823,6,2,4,0,2,0,0,0,4,1,1,2,0,4,126963.6,345479,6243,"WorldPop R2025A constrained, 3 arc-second grid (about 100 m), same resolution in all 79 districts",1.737,osm_walk_network,2640,2417,3328,0.0710,0.5704,0.3586,0.0099,0.6414,6,2,624,3116,624,0,0.1020,5873.2,0.0539,0.8196,0.9685,0.6667,0.2450,0.5488,52
TH-12,จังหวัดนนทบุรี,2688299,อำเภอบางกรวย,Bang Kruai District,54.608,17,0,11,4,0,0,0,2,14,3,0,2,4,11,135855.6,146644,6488,"WorldPop R2025A constrained, 3 arc-second grid (about 100 m), same resolution in all 79 districts",11.593,osm_walk_network,1932,1842,2511,0.1506,0.6885,0.1609,0.0038,0.8391,17,3,1511,3666,1511,0,0.3113,2685.4,0.1667,0.8841,0.9096,1.0000,0.1084,0.6109,39
TH-12,จังหวัดนนทบุรี,2688300,อำเภอเมืองนนทบุรี,Mueang Nonthaburi District,74.948,17,1,8,5,0,0,0,4,11,3,3,4,5,8,462802.2,629357,8743,"WorldPop R2025A constrained, 3 arc-second grid (about 100 m), same resolution in all 79 districts",2.701,osm_walk_network,2081,1954,3186,0.0979,0.7433,0.1588,0.0172,0.8412,17,3,516,2100,516,3,0.2268,8397.2,0.1212,0.8705,0.9756,1.0000,0.3532,0.6460,27
TH-12,จังหวัดนนทบุรี,2688301,อำเภอปากเกร็ด,Pak Kret District,96.029,20,0,9,2,1,0,0,8,17,2,1,1,2,17,194842.2,447689,11105,"WorldPop R2025A constrained, 3 arc-second grid (about 100 m), same resolution in all 79 districts",4.467,osm_walk_network,2053,1823,1933,0.1044,0.7062,0.1894,0.0234,0.8106,20,3,1140,3325,1149,3,0.2083,4662.0,0.1112,0.8730,0.9342,1.0000,0.1931,0.6119,37
TH-12,จังหวัดนนทบุรี,2689552,อำเภอบางบัวทอง,Bang Bua Thong District,115.518,5,0,3,1,0,0,0,1,5,0,0,0,1,4,30181.5,397358,13498,"WorldPop R2025A constrained, 3 arc-second grid (about 100 m), same resolution in all 79 districts",1.258,osm_walk_network,4144,3877,4048,0.0345,0.2859,0.6795,0.0266,0.3205,5,2,2865,7478,2865,0,0.0433,3439.8,0.0223,0.6825,0.8198,0.6667,0.1407,0.4613,65
TH-12,จังหวัดนนทบุรี,2689553,อำเภอบางใหญ่,Bang Yai District,95.041,12,0,9,1,1,0,0,1,8,4,0,3,1,8,110683.6,287322,11100,"WorldPop R2025A constrained, 3 arc-second grid (about 100 m), same resolution in all 79 districts",4.177,osm_walk_network,3057,2592,3048,0.1279,0.4373,0.4348,0.0018,0.5652,12,3,2645,4167,2645,0,0.1263,3023.1,0.0670,0.7816,0.8343,1.0000,0.1229,0.5475,53
TH-12,จังหวัดนนทบุรี,2689554,อำเภอไทรน้อย,Sai Noi District,200.784,3,0,1,1,0,0,0,1,1,2,0,2,1,0,30508.3,84958,20225,"WorldPop R2025A constrained, 3 arc-second grid (about 100 m), same resolution in all 79 districts",3.531,osm_walk_network,6894,5557,11061,0.0215,0.1764,0.8021,0.0254,0.1979,3,2,645,15947,645,0,0.0149,423.1,0.0071,0.4320,0.9671,0.6667,0.0115,0.4049,68
TH-13,จังหวัดปทุมธานี,2913006,อำเภอคลองหลวง,Khlong Luang District,304.184,15,0,12,2,1,0,0,0,10,4,1,5,2,8,253882.0,983183,31498,"WorldPop R2025A constrained, 3 arc-second grid (about 100 m), same resolution in all 79 districts",1.526,osm_walk_network,3572,3345,4460,0.0330,0.3924,0.5746,0.0321,0.4254,15,3,2616,8375,2616,0,0.0493,3232.2,0.0256,0.7347,0.8362,1.0000,0.1319,0.5271,56
TH-13,จังหวัดปทุมธานี,2913007,อำเภอลำลูกกา,Lam Luk Ka District,303.649,30,0,16,8,2,0,1,3,20,8,2,6,8,16,435616.4,470418,27943,"WorldPop R2025A constrained, 3 arc-second grid (about 100 m), same resolution in all 79 districts",6.377,osm_walk_network,2702,2141,3022,0.1262,0.5890,0.2848,0.0250,0.7152,30,3,1978,7363,1978,0,0.0988,1549.2,0.0522,0.8140,0.8786,1.0000,0.0597,0.5512,51
TH-13,จังหวัดปทุมธานี,2913008,อำเภอลาดหลุมแก้ว,Lat Lum Kaeo District,193.633,1,0,1,0,0,0,0,0,1,0,0,0,0,1,4844.9,112569,18688,"WorldPop R2025A constrained, 3 arc-second grid (about 100 m), same resolution in all 79 districts",0.888,osm_walk_network,6784,6797,6804,0.0137,0.0276,0.9587,0.0242,0.0413,1,1,12709,18755,12709,0,0.0052,581.4,0.0018,0.4420,0.1664,0.3333,0.0183,0.1970,74
TH-13,จังหวัดปทุมธานี,2913009,อำเภอเมืองปทุมธานี,Mueang Pathum Thani District,143.112,11,0,8,3,0,0,0,0,6,5,0,3,3,5,104203.8,340184,16204,"WorldPop R2025A constrained, 3 arc-second grid (about 100 m), same resolution in all 79 districts",3.234,osm_walk_network,4424,4318,4921,0.0557,0.2434,0.7009,0.0193,0.2991,11,3,1022,8273,1022,0,0.0769,2377.0,0.0404,0.6570,0.9421,1.0000,0.0952,0.5271,57
TH-13,จังหวัดปทุมธานี,2913010,อำเภอหนองเสือ,Nong Suea District,339.729,2,0,2,0,0,0,0,0,0,2,0,2,0,0,29771.8,70676,28003,"WorldPop R2025A constrained, 3 arc-second grid (about 100 m), same resolution in all 79 districts",2.830,osm_walk_network,11635,9686,17722,0.0033,0.0248,0.9719,0.1616,0.0281,2,1,15216,28256,15216,0,0.0059,208.0,0.0022,0.0000,0.0000,0.3333,0.0023,0.0509,76
TH-13,จังหวัดปทุมธานี,2913011,อำเภอสามโคก,Sam Khok District,118.264,2,0,1,0,0,0,0,1,1,0,1,1,0,1,140234.4,73843,12445,"WorldPop R2025A constrained, 3 arc-second grid (about 100 m), same resolution in all 79 districts",2.708,osm_walk_network,4669,4065,4543,0.0423,0.2939,0.6638,0.0139,0.3362,2,2,5816,10121,5816,0,0.0169,624.4,0.0081,0.6347,0.6238,0.6667,0.0201,0.3885,69
TH-13,จังหวัดปทุมธานี,2913012,อำเภอธัญบุรี,Thanyaburi District,114.949,15,0,10,2,1,0,0,2,13,2,0,1,2,12,106705.1,389819,12289,"WorldPop R2025A constrained, 3 arc-second grid (about 100 m), same resolution in all 79 districts",3.848,osm_walk_network,2997,2224,2437,0.1227,0.6002,0.2771,0.0068,0.7229,15,3,1402,8650,1402,0,0.1305,3391.2,0.0693,0.7871,0.9168,1.0000,0.1387,0.5683,45
TH-73,จังหวัดนครปฐม,18929643,อำเภอบางเลน,Bang Len District,545.631,1,0,0,0,0,0,0,1,1,0,0,0,0,1,8065.7,84798,47912,"WorldPop R2025A constrained, 3 arc-second grid (about 100 m), same resolution in all 79 districts",1.179,osm_walk_network,10519,10481,11294,0.0047,0.0622,0.9331,0.0215,0.0669,1,1,11443,26205,11443,0,0.0018,155.4,0.0000,0.1017,0.2504,0.3333,0.0000,0.1255,75
TH-73,จังหวัดนครปฐม,18931310,อำเภอดอนตูม,Don Tum District,150.271,0,0,0,0,0,0,0,0,0,0,0,0,0,0,0.0,39761,14524,"WorldPop R2025A constrained, 3 arc-second grid (about 100 m), same resolution in all 79 districts",0.000,osm_walk_network,13117,13248,13448,0.0000,0.0000,1.0000,0.0068,0.0000,0,0,,,,0,0.0000,264.6,0.0000,0.0000,0.0000,0.0000,0.0000,0.0000,79
TH-73,จังหวัดนครปฐม,18931389,อำเภอกำแพงแสน,Kamphaeng Saen District,481.609,1,0,0,0,0,0,0,1,1,0,0,0,0,1,3443.9,102788,45193,"WorldPop R2025A constrained, 3 arc-second grid (about 100 m), same resolution in all 79 districts",0.973,osm_walk_network,10307,10093,10421,0.0074,0.0613,0.9314,0.0310,0.0686,1,1,2106,5797,2106,0,0.0021,213.4,0.0001,0.1210,0.8701,0.3333,0.0025,0.2547,73
TH-73,จังหวัดนครปฐม,18931445,อำเภอเมืองนครปฐม,Mueang Nakhon Pathom District,414.894,18,1,9,4,1,1,0,3,10,6,2,5,4,9,458723.5,250895,44669,"WorldPop R2025A constrained, 3 arc-second grid (about 100 m), same resolution in all 79 districts",7.174,osm_walk_network,5458,3815,4454,0.0948,0.3224,0.5828,0.0158,0.4172,18,3,1597,1669,1597,3,0.0434,604.7,0.0224,0.5628,0.9039,1.0000,0.0193,0.4800,63
TH-73,จังหวัดนครปฐม,18931531,อำเภอนครชัยศรี,Nakhon Chai Si District,260.772,2,0,1,1,0,0,0,0,0,1,1,1,1,0,81061.9,117527,27576,"WorldPop R2025A constrained, 3 arc-second grid (about 100 m), same resolution in all 79 districts",1.702,osm_walk_network,6899,6695,11138,0.0202,0.2012,0.7786,0.0405,0.2214,2,2,2640,5318,2640,0,0.0077,450.7,0.0031,0.4315,0.8346,0.6667,0.0127,0.3775,70
TH-73,จังหวัดนครปฐม,18931587,อำเภอพุทธมณฑล,Phutthamonthon District,67.861,2,0,2,0,0,0,0,0,2,0,0,0,0,2,10257.5,74600,7562,"WorldPop R2025A constrained, 3 arc-second grid (about 100 m), same resolution in all 79 districts",2.681,osm_walk_network,5113,4948,4997,0.0059,0.1763,0.8178,0.0175,0.1822,2,1,3074,3249,3074,0,0.0295,1099.3,0.0149,0.5942,0.8059,0.3333,0.0404,0.3695,71
TH-73,จังหวัดนครปฐม,18931634,อำเภอสามพราน,Sam Phran District,224.163,4,0,2,1,0,0,0,1,1,3,0,2,1,1,54349.0,403686,26288,"WorldPop R2025A constrained, 3 arc-second grid (about 100 m), same resolution in all 79 districts",0.991,osm_walk_network,4301,3781,6631,0.0180,0.3039,0.6781,0.0069,0.3219,4,3,1465,12327,1465,0,0.0178,1800.9,0.0086,0.6683,0.9126,1.0000,0.0705,0.5123,59
TH-74,จังหวัดสมุทรสาคร,18931677,อำเภอบ้านแพ้ว,Ban Phaeo District,271.155,6,0,6,0,0,0,0,0,3,3,0,3,0,3,86013.5,79827,30140,"WorldPop R2025A constrained, 3 arc-second grid (about 100 m), same resolution in all 79 districts",7.516,osm_walk_network,6179,6184,6397,0.0556,0.1353,0.8091,0.0429,0.1909,6,2,12293,14724,12293,0,0.0221,294.4,0.0109,0.4971,0.1940,0.6667,0.0060,0.2667,72
TH-74,จังหวัดสมุทรสาคร,18934962,อำเภอกระทุ่มแบน,Krathum Baen District,130.001,3,0,0,0,3,0,0,0,2,1,0,1,0,2,31882.6,404796,15135,"WorldPop R2025A constrained, 3 arc-second grid (about 100 m), same resolution in all 79 districts",0.741,osm_walk_network,4952,4955,6417,0.0104,0.1537,0.8359,0.0018,0.1641,3,2,5158,16878,5158,0,0.0231,3113.8,0.0114,0.6089,0.6675,0.6667,0.1268,0.4076,67
TH-74,จังหวัดสมุทรสาคร,18935071,อำเภอเมืองสมุทรสาคร,Mueang Samut Sakhon District,452.391,26,0,18,2,1,0,0,5,18,8,0,7,2,17,237430.7,1146732,35229,"WorldPop R2025A constrained, 3 arc-second grid (about 100 m), same resolution in all 79 districts",2.267,osm_walk_network,4204,3851,4577,0.0555,0.2982,0.6463,0.0294,0.3537,26,3,4162,4152,4162,1,0.0575,2534.8,0.0300,0.6770,0.7336,1.0000,0.1020,0.4888,62
